,Artists Name,Artist ID,Track Name,Track ID,Release Date,Popularity,Danceability,Energy
0,Ariana Grande,66CXWjxzNUsdJxJ2JdwvnR,7 rings,6ocbgoVGwYJhOv1GgI9NsF,2019-02-08,93,0.771,0.32
1,Fiersa Besari,06QVnTCdjs4jPKO0487EGV,Waktu Yang Salah (feat. Thantri),25qm0qQzdRkWe96BKuaiHt,2014-05-15,71,0.665,0.276
2,Ariana Grande,66CXWjxzNUsdJxJ2JdwvnR,"thank u, next",3e9HZxeyfWwjeyPAMmWSSQ,2019-02-08,89,0.735,0.638
3,JENNIE,250b0Wlc5Vk0CoUsaCY84M,SOLO,2wVDWtLKXunswWecARNILj,2018-11-12,80,0.751,0.642
4,Halsey,26VFTg2z8YR0cCuwLzESi2,Without Me,5p7ujcrUXASCNwRaWNHR1C,2018-10-04,97,0.752,0.488
5,H.E.R.,3Y7RZ31TRPVadSFVy1o8os,Best Part (feat. Daniel Caesar),4OBZT9EnhYIV17t4pGw7ig,2017-10-20,84,0.473,0.371
6,ITZY,2KC9Qb60EaY0kW4eH68vr3,달라달라 (DALLA DALLA),0GU5GuJQQEnnREO2FxnVPT,2019-02-12,36,0.79,0.853
7,Lady Gaga,1HY2Jd0NmPuamShAr6KMms,Shallow,2VxeLyX666F8uXCJ0dZF8B,2018-10-05,94,0.572,0.385
8,SHAUN,72nLe76yBFSlP6VBzME358,Way Back Home (feat. Conor Maynard) - Sam Feldt Edit,1ZLrDPgR7mvuTco3rQK8Pk,2018-12-21,80,0.737,0.747
9,Andmesh,6IDsZZ4IHgs9VblBgQQSmt,Cinta Luar Biasa,1Hy1CBFRXYvFL7eJT5MLlG,2018-11-02,67,0.59,0.263
10,Various Artists,0LyfQWJT6nXafLPZqxe9Of,Sunflower - Spider-Man: Into the Spider-Verse,7dbka99KTWke5o9hRp0JoB,2019-02-22,79,0.761,0.479
11,Lukas Graham,25u4wHJWxCA9vO0CzxAbK7,Love Someone,3id2EVGKc3eFAMn9nFnB0r,2018-10-26,78,0.538,0.409
12,Ariana Grande,66CXWjxzNUsdJxJ2JdwvnR,"break up with your girlfriend, i'm bored",4kV4N9D1iKVxx1KLvtTpjS,2019-02-08,98,0.726,0.545
13,Lauv,5JZ7CnR6gTvEMKX4g70Amv,i'm so tired...,7COXchtUOMd6uIT6HvmRaI,2019-01-24,92,0.599,0.733
14,Anne-Marie,1zNqDE7qDGCsyzJwohVaoX,2002,2BgEsaKNfHUdlh97KmvFyo,2018-04-27,85,0.697,0.683
15,John Mayer,0hEurMDQu99nJRq8pTxO14,New Light,40FLJc17FMZaPmCQEEZgB0,2018-06-29,31,0.828,0.689
16,DJ Snake,540vIaP2JwjQb9dm3aArA4,"Taki Taki (with Selena Gomez, Ozuna & Cardi B)",4w8niZpiMy6qz1mntFA5uM,2018-09-28,95,0.841,0.798
17,Maroon 5,04gDigrS5kc9YWfZHwBETP,Girls Like You (feat. Cardi B),7fa9MBXhVfQ8P8Df9OEbD8,2018-06-15,83,0.851,0.541
18,TheOvertunes,3t4MHnVggiFLOuSSh4odBk,Bicara (feat. Monita Tahalea),2zgiM0lbf4KpBPriKPqEMg,2018-08-31,68,0.574,0.37
19,Wahyu Selow,5fTrXgpGtbd2G1Xs30KiA7,Selow,1c5ZiOfMbDBHKRNuMfinOb,2017-10-10,70,0.626,0.573
20,Sam Smith,2wY79sveU1sp5g7SokKOiI,Dancing With A Stranger (with Normani),6Qs4SXO9dwPj5GKvVOv8Ki,2019-01-11,96,0.741,0.52
21,Juicy Luicy,3tMTXQyRrPmMyHv5SoC0TV,Tanpa Tergesa,66wRGrt1HmeVa1wtnWMj6C,2018-02-28,68,0.703,0.291
22,Fiersa Besari,06QVnTCdjs4jPKO0487EGV,April,31DB7WsYqarEOUSQUzMLt8,2014-05-15,67,0.364,0.466
23,Marshmello,64KEffDW9EtZ1y2vBYgq8T,Happier,2dpaYNEQHiRxtZbfNsse99,2018-08-17,97,0.687,0.792
24,Dua Lipa,6M2wZ9GZgrQXHCFfjv46we,Kiss and Make Up,13hvHEstJ4sNbzdroPrPI3,2015,51,0.675,0.729
25,Jaz,78ED3zmePoZzEzeBUg0evm,Berdua Bersama (Milly & Mamet Original Motion Picture Soundtrack),37uQDKOul7QOmRFB6kiYyO,2018-11-16,67,0.578,0.529
26,Payung Teduh,2Ooa3TrmlskyBftzenv6xQ,Untuk Perempuan Yang Sedang Di Pelukan,0urpBLpcm6DOGzs86rcKd8,2014-11-04,66,0.477,0.493
27,Fourtwnty,46cVq2dwPgzPE3X1VR9TMj,"Zona Nyaman (From ""Filosofi Kopi 2: Ben & Jody"")",4lfAvFv8roumWVKXhHF8uN,2018-04-20,67,0.515,0.649
28,Zedd,2qxJFvFYMEDqd7ui6kSAcq,Happy Now,4keoy2fqgwGnbWlm3ZVZFa,2018-07-18,84,0.503,0.741
29,Fourtwnty,46cVq2dwPgzPE3X1VR9TMj,Fana Merah Jambu,2e9ubFSxKQtJh1MDbVzMug,2018-09-05,66,0.704,0.545
30,Hanin Dhiya,3Fw8q9sZ1t7diLxoQFS8hW,Pupus,4za8UJq7JI99ilRYQXVrkm,2018-03-30,65,0.498,0.203
31,Calum Scott,6ydoSd3N2mwgwBHtF6K7eX,You Are The Reason,69vToJ9BMbbLlFZo7k7A7B,2018-03-09,83,0.331,0.235
32,Sheila On 7,6q87vizIEdEN4NvlR6mjfT,Dan...,1MdjZzEInrmDBXf8zs0nKS,1999-07-14,67,0.658,0.539
33,Virzha,5iHfwaDNZ11Y0yAyQVYDmy,Tentang Rindu,5bG0Nj8pt4fM8LTG9PiWmu,2018-05-11,67,0.445,0.65
34,3 Composers,145zDAbvELoocgZ4bZrSXe,Bangun Cinta,1xRP7GwKppuawKo4CbiTl2,2018-04-13,65,0.689,0.35
35,Bazzi,4GvEc3ANtPPjt1ZJllr5Zl,Beautiful (feat. Camila Cabello),4VUwkH455At9kENOfzTqmF,2018-08-02,89,0.638,0.717
36,The Chainsmokers,69GGBxA162lTqCwzJG5jLp,Who Do You Love (with 5 Seconds of Summer),11cDEev79fPKi6uJCjUhu8,2019-02-07,90,0.51,0.835
37,Khalid,6LuN9FCkKOj5PcnpouEgny,Talk,0rTV5WefWd1J3OwIheTzxM,2019-02-07,91,0.9,0.4
38,Ava Max,4npEfmQ6YuiwW1GpUmaq3F,Sweet but Psycho,25sgk305KZfyuqVBQIahim,2018-08-17,96,0.719,0.704
39,Lauv,5JZ7CnR6gTvEMKX4g70Amv,I Like Me Better,2P91MQbaiQOfbiz9VqhqKQ,2018-05-31,75,0.752,0.505
40,Ed Sheeran,6eUKZXaKkcviH0Ku9w2n3V,Perfect,0tgVpDi06FyKpA1z0VMD4v,2017-03-03,88,0.599,0.448
41,BLACKPINK,41MozSoPIsD1dJM0CLPjZF,DDU-DU DDU-DU,2aI2k39nfa3KFsa4JclQzw,2018-06-15,75,0.671,0.859
42,Dewa 19,48bKH1ugFBhERC1rdojP9d,Kangen,5LqanqJSmZwbwPtIi2RwTb,2014-12-03,66,0.618,0.776
43,Rizky Febian,28DdkLhrzQNizZ0ExQpyku,Berpisah Itu Mudah,52AWJPKuELTY9TjwHzXuhl,2018-06-29,33,0.682,0.562
44,Rizky Febian,28DdkLhrzQNizZ0ExQpyku,Menari,6erCzA5JDtU8oLVVpS4FTt,2018-11-30,65,0.567,0.59
45,Queen,1dfeR4HaWDbWqFHLkxsg1d,Bohemian Rhapsody - Remastered 2011,7tFiyTwD0nx5a1eklYtX2J,1975-11-21,81,0.397,0.396
46,Ellie Goulding,0X2BH1fck6amBIoJhDVmmJ,Close To Me (with Diplo) (feat. Swae Lee),5JEx7HbmvHQQswJCsoo9rA,2018-10-24,91,0.574,0.758
47,Yovie Widianto,7Ln5yumFjHCkeZ8bAzHUcp,Adu Rayu,3FcCAFQj4bLpfxo8gj1kk9,2019-02-22,57,0.558,0.374
48,Sam Smith,2wY79sveU1sp5g7SokKOiI,Too Good At Goodbyes,1mXVgsBdtIVeCLJnSnmtdV,2017-11-03,84,0.698,0.375
49,Alan Walker,7vk5e3vY1uw9plTHJAMwjN,Darkside,6SRWhUJcD2YKahCwHavz3X,2018-12-14,75,0.43,0.606
